"AGENT_ID","AGENT_NAME"
1,"1"
2,"10"
3,"103"
4,"104"
5,"105"
6,"106"
7,"107"
8,"11"
9,"110"
10,"111"
11,"112"
12,"114"
13,"115"
14,"117"
15,"118"
16,"119"
17,"12"
18,"121"
19,"122"
20,"126"
21,"127"
22,"128"
23,"129"
24,"13"
25,"132"
26,"133"
27,"134"
28,"135"
29,"138"
30,"139"
31,"14"
32,"141"
33,"142"
34,"143"
35,"144"
36,"146"
37,"147"
38,"148"
39,"149"
40,"15"
41,"150"
42,"151"
43,"152"
44,"153"
45,"154"
46,"155"
47,"156"
48,"157"
49,"158"
50,"159"
51,"16"
52,"162"
53,"163"
54,"165"
55,"167"
56,"168"
57,"17"
58,"170"
59,"171"
60,"173"
61,"174"
62,"175"
63,"177"
64,"179"
65,"180"
66,"181"
67,"182"
68,"183"
69,"184"
70,"185"
71,"187"
72,"19"
73,"191"
74,"192"
75,"193"
76,"195"
77,"196"
78,"197"
79,"2"
80,"20"
81,"201"
82,"205"
83,"208"
84,"21"
85,"210"
86,"211"
87,"213"
88,"214"
89,"215"
90,"216"
91,"219"
92,"22"
93,"220"
94,"223"
95,"227"
96,"229"
97,"23"
98,"232"
99,"234"
100,"235"
101,"236"
102,"24"
103,"240"
104,"241"
105,"242"
106,"243"
107,"244"
108,"245"
109,"247"
110,"248"
111,"249"
112,"25"
113,"250"
114,"251"
115,"252"
116,"253"
117,"254"
118,"256"
119,"257"
120,"258"
121,"26"
122,"261"
123,"262"
124,"265"
125,"267"
126,"269"
127,"27"
128,"270"
129,"273"
130,"275"
131,"276"
132,"278"
133,"28"
134,"280"
135,"281"
136,"282"
137,"283"
138,"285"
139,"286"
140,"287"
141,"288"
142,"289"
143,"29"
144,"290"
145,"291"
146,"294"
147,"295"
148,"296"
149,"298"
150,"299"
151,"3"
152,"30"
153,"300"
154,"301"
155,"302"
156,"303"
157,"304"
158,"305"
159,"306"
160,"307"
161,"308"
162,"31"
163,"310"
164,"313"
165,"314"
166,"315"
167,"32"
168,"321"
169,"323"
170,"324"
171,"325"
172,"326"
173,"327"
174,"328"
175,"33"
176,"330"
177,"331"
178,"332"
179,"333"
180,"334"
181,"335"
182,"336"
183,"337"
184,"339"
185,"34"
186,"341"
187,"344"
188,"346"
189,"348"
190,"35"
191,"350"
192,"352"
193,"354"
194,"355"
195,"358"
196,"359"
197,"36"
198,"360"
199,"363"
200,"364"
201,"367"
202,"368"
203,"37"
204,"370"
205,"371"
206,"375"
207,"378"
208,"38"
209,"384"
210,"385"
211,"387"
212,"388"
213,"39"
214,"390"
215,"391"
216,"393"
217,"394"
218,"397"
219,"4"
220,"40"
221,"403"
222,"404"
223,"405"
224,"406"
225,"408"
226,"41"
227,"410"
228,"411"
229,"414"
230,"416"
231,"418"
232,"42"
233,"420"
234,"423"
235,"425"
236,"426"
237,"427"
238,"429"
239,"430"
240,"431"
241,"432"
242,"433"
243,"434"
244,"436"
245,"438"
246,"44"
247,"440"
248,"441"
249,"444"
250,"446"
251,"449"
252,"45"
253,"450"
254,"451"
255,"453"
256,"454"
257,"455"
258,"459"
259,"461"
260,"464"
261,"467"
262,"468"
263,"469"
264,"47"
265,"472"
266,"474"
267,"475"
268,"476"
269,"479"
270,"480"
271,"481"
272,"483"
273,"484"
274,"492"
275,"493"
276,"495"
277,"497"
278,"5"
279,"50"
280,"502"
281,"508"
282,"509"
283,"510"
284,"52"
285,"526"
286,"527"
287,"53"
288,"531"
289,"535"
290,"54"
291,"55"
292,"56"
293,"57"
294,"58"
295,"59"
296,"6"
297,"60"
298,"61"
299,"63"
300,"64"
301,"66"
302,"67"
303,"68"
304,"69"
305,"7"
306,"70"
307,"71"
308,"72"
309,"73"
310,"74"
311,"75"
312,"77"
313,"78"
314,"79"
315,"8"
316,"81"
317,"82"
318,"83"
319,"85"
320,"86"
321,"87"
322,"88"
323,"89"
324,"9"
325,"90"
326,"91"
327,"92"
328,"93"
329,"94"
330,"95"
331,"96"
332,"98"
333,"99"
334,NULL
